{
  "projectType": [
    "sap.watt.uitools.ide.fiori",
    "com.watt.common.builder.sapui5clientbuild"
  ],
  "build": {
    "targetFolder": "dist",
    "sourceFolder": "webapp",
    "excludedFolders": [
      "test"
    ],
    "excludedFiles": [
      "test.html"
    ],
    "buildRequired": true,
    "lastBuildDateTime": "Fri, 03 Jun 2016 02:51:52 GMT"
  },
  "dataBinding": {
    "/webapp/view/App.view.xml": {
      "entitySet": "UNBINDKEY"
    },
    "/webapp/view/NotFound.view.xml": {
      "entitySet": "UNBINDKEY"
    },
    "/webapp/view/ObjectNotFound.view.xml": {
      "entitySet": "UNBINDKEY"
    },
    "/webapp/view/Worklist.view.xml": {
      "entitySet": "EmpleadoSet"
    },
    "/webapp/view/Object.view.xml": {
      "entitySet": "EmpleadoSet"
    }
  },
  "generation": [
    {
      "templateId": "sap.ui.ui5-template-plugin.1worklist",
      "templateVersion": "1.36.2",
      "dateTimeStamp": "Mon, 30 May 2016 17:04:15 GMT"
    }
  ],
  "mockpreview": {
    "mockUri": "/sap/opu/odata/sap/ZSDN_EMPLEADO_SRV",
    "metadataFilePath": "",
    "loadJSONFiles": false,
    "loadCustomRequests": false,
    "mockRequestsFilePath": ""
  },
  "translation": {
    "translationDomain": "",
    "supportedLanguages": "en,fr,de",
    "defaultLanguage": "en",
    "defaultI18NPropertyFile": "i18n.properties",
    "resourceModelName": "i18n"
  },
  "basevalidator": {
    "services": {
      "js": "fioriJsValidator",
      "xml": "fioriXmlAnalysis"
    }
  },
  "codeCheckingTriggers": {
    "notifyBeforePush": true,
    "notifyBeforePushLevel": "Error",
    "blockPush": false,
    "blockPushLevel": "Error"
  },
  "hcpdeploy": {
    "account": "p993625trial",
    "name": "ztest",
    "lastVersionWeTriedToDeploy": "1.0.4"
  }
}